ticker,pole,flag_depth,retrace,flag_bars,run_to_top_brk,run_to_top_flag,rsi_at_top,mr_at_top,next_pb,resume,leg2,fwd10,entry_brk,top_px,nl_px,leg2top_px
AAPL,13.257258025287703,2.1250748570233196,0.18154595086393693,4,27.705127287815994,30.893974209708624,85.88501862805883,,5.835364020528791,1,24.753015674118693,6.310731146531867,15.325357437133789,19.578929901123047,18.43642807006836,23.0
AAPL,9.593180121813214,4.386402798359582,0.501105812528605,2,9.317922160298448,14.829868123776151,73.9429595342654,-0.8709637148844777,3.6526789279691685,1,7.480176978225517,6.842826041937777,22.233928680419922,24.31678581237793,23.428571701049805,25.18107032775879
AAPL,19.45087447716229,3.6526789279691685,0.22431674865955714,11,3.18434915159766,7.430176978225517,68.78735102575368,-0.7054257906635876,11.561965024894082,0,4.6892749192832595,-0.24305415455814217,24.39214324951172,25.18107032775879,22.269643783569336,23.313928604125977
AAPL,11.110862988704447,4.527984367011531,0.4528075372088424,5,8.085479373699938,13.61750030732431,58.69113237151999,-0.2557691572278093,4.982844296328942,0,3.2983305566256504,3.609526205375291,17.809999465942383,19.258928298950195,18.299285888671875,18.902856826782227
AAPL,13.667500307324316,4.982844296328942,0.4144045676595275,7,5.294713963313819,12.198720463084804,73.37062758899347,-1.0736646303007304,6.3184622884602,0,6.139571221510121,2.670522858215807,19.498571395874023,20.540714263916016,19.242856979370117,20.424285888671875
AAPL,18.20350756989838,3.98405346567093,0.2587023913825541,3,9.999785839006798,14.6002945309545,81.22463137799863,-1.2509693717092962,5.681221833247528,1,10.920246234130083,5.449968637067948,21.592500686645508,23.762500762939453,22.412500381469727,24.860000610351562
AAPL,14.650294530954508,5.681221833247528,0.44460113419650193,11,3.5657144696946865,10.870246234130082,66.74466169052502,-0.8723667013373887,6.194693796130061,1,11.21354976560549,-2.1152430483234674,23.99250030517578,24.860000610351562,23.31999969482422,25.934999465942383
AAPL,27.054347162661347,8.19574119349604,0.3848936145429934,13,3.9305154441418413,15.335334555818651,64.58400950471339,-0.5658247014596262,10.353739078033698,0,8.036034386437208,1.6627441191579662,29.770000457763672,30.954999923706055,27.75,29.979999542236328
AAPL,11.1765970202358,3.4698780473456328,0.345158041110951,4,7.226726407640766,11.971967780416042,74.5990774926829,-0.8963877261584913,3.6277739604737667,1,3.9493123701399346,4.761900593178492,26.145000457763672,28.047500610351562,27.030000686645508,28.09749984741211
AAPL,13.31317827796088,3.9851930119264285,0.3391939000622089,4,-3.3432087107084505,0.7747406040127636,50.86001848534115,-0.2647948835620338,3.7521127188592227,1,9.02540105595049,1.6766955262884853,29.075000762939453,28.11750030517578,27.0625,29.5049991607666
AAPL,8.061106112649092,3.7521127188592227,0.502979919868618,5,3.521741819943064,8.975401055950488,64.0463927654477,-0.6426249245098518,2.762239111644188,1,22.237710149893395,2.255374957132772,28.487499237060547,29.5049991607666,28.690000534057617,35.06999969482422
AAPL,9.025401055950491,2.762239111644188,0.33367406621879425,3,17.842260944404792,22.187710149893395,83.03098281893602,-1.2455775697957738,2.302534755949655,1,6.136449087807239,0.8236014577087225,29.747499465942383,35.06999969482422,34.26250076293945,36.3650016784668
AAPL,20.220972120109334,4.523307712218994,0.26892695718647525,2,0.9295282673012106,6.357656275618412,61.13660389716513,-0.39395178987027935,10.370571541851158,0,8.79795775114378,-4.925157873718156,45.43000030517578,45.875,41.11750030517578,44.73500061035156
AAPL,18.514592124971788,2.4216004247485268,0.15501015884743258,9,1.1854663475814264,4.493498433994442,69.64487315563278,-0.9281133899659761,6.936149038299483,0,6.595473054132861,-1.610799305841637,47.95750045776367,48.54999923706055,45.182498931884766,48.162498474121094
AAPL,23.640850228323064,3.4573145019066316,0.18081638367232655,21,10.453079477908872,16.58126987693584,70.15599092811453,-0.6518593182239901,6.631595148185232,1,9.898149361371988,5.500286155612355,44.724998474121094,49.42250061035156,46.14500045776367,50.712501525878906
AAPL,16.631269876935843,6.631595148185232,0.46505851276888266,2,1.3243128016584726,9.848149361371988,74.58638655497916,-0.8310579580206973,1.8437295443094608,1,8.136204559581506,3.6881506241462247,50.025001525878906,50.712501525878906,49.77750015258789,53.82749938964844
AAPL,9.898149361371985,1.8437295443094608,0.20470742301913486,14,5.1039001636558,11.129747093867797,67.64034293159217,-0.6738899285081996,13.005372869476798,0,11.351127013452178,-9.310282018685855,52.630001068115234,55.342498779296875,48.14500045776367,53.61000061035156
AAPL,12.646765258181746,4.9863057050767585,0.4441382415174753,15,18.006476139833456,24.52583503797498,77.01950856696297,-1.161204869935392,4.369399796670942,1,27.921493297718982,4.140790882663259,56.752498626708984,67.0,64.07250213623047,81.9625015258789
AAPL,35.5768774622569,7.916741482816565,0.3016923255996448,5,8.76212243843976,20.392305414935834,65.77831049779704,-0.6480313792813629,6.093406374163509,1,33.1801134886764,5.357393262740562,73.44999694824219,79.92250061035156,75.05249786376953,99.95500183105469
AAPL,20.442305414935827,6.093406374163509,0.3590123015176671,3,24.175570837996457,33.1301134886764,71.08634778646902,-0.7894733420223347,10.814871682219065,1,54.78153673616295,6.5682720925784865,80.4625015258789,99.95500183105469,89.1449966430664,137.97999572753906
AAPL,23.270270717137358,8.94156396933466,0.4736640258863639,5,4.278747175253445,14.754557280496876,69.64739465901624,-1.0743086346520283,10.25569646398667,0,5.8904828918409535,-1.6610431406661297,139.07000732421875,145.08999633789062,130.2100067138672,137.8800048828125
AAPL,10.776013188749129,4.413393345725392,0.45369109234541,1,18.609194973397784,24.347240849156133,70.32834459262307,-0.7602859344780882,8.054684991846564,1,9.24399564487608,6.690982243875987,153.49000549316406,182.1300048828125,167.4600067138672,182.94000244140625
AAPL,26.745596523792937,8.565262783137886,0.4059020855512024,18,2.961439438988406,12.625473430725192,62.348545634714064,-0.37511820380781424,3.799188161649056,1,6.962431662917523,5.571794544178066,157.39999389648438,162.13999938964844,155.97999572753906,166.83999633789062
AAPL,12.675473430725201,3.799188161649056,0.33771939731147577,4,2.7092976784291958,6.912431662917523,69.59719314786055,-0.7901240552137608,4.2315977664585755,1,5.244714574311482,1.7553622153250403,162.36000061035156,166.83999633789062,159.77999877929688,168.16000366210938
AAPL,16.454394161963478,2.840406331610758,0.2010270297803932,7,3.155458074106038,6.442397101668468,69.6944391269684,-0.8797913825921672,9.743511383628684,0,8.997062151639179,1.819876075785265,193.4199981689453,199.6199951171875,180.1699981689453,196.3800048828125
AAPL,13.968794437572555,0.19785835143716576,0.01614289470968687,14,15.856938572650197,17.93745710075329,78.84641505272934,-1.3148587249486812,6.180745140314684,1,14.831308356061367,1.6528052743782995,189.97999572753906,220.1999969482422,206.58999633789062,237.22999572753906
AAPL,17.9874571007533,6.180745140314684,0.4054216213046745,7,7.64963732061294,14.781308356061366,73.44352445140136,-1.0720915493464835,9.53083548351928,0,5.116024245705897,3.9088393532246357,220.27000427246094,237.22999572753906,214.6199951171875,225.60000610351562
AAPL,18.836733759665975,8.157307294077262,0.5146262443745612,11,1.8770409841905866,10.96814113966293,61.189283760360304,-0.6166032885933549,7.486630328874474,1,18.383322632295563,-0.7296124241382818,233.0,237.49000549316406,219.7100067138672,260.1000061035156
AAPL,16.68486110034119,4.823067613725746,0.33729916671205273,5,1.1451214362086348,7.788059094021488,70.86019019047009,-0.8683369450908937,6.369140522744397,1,14.733345313458202,0.2180585691278214,238.47000122070312,241.32000732421875,225.9499969482422,259.239990234375
AAPL,14.733345313458212,5.878718873811387,0.4577949326509275,5,5.700464327109728,13.605740706647033,69.0601245868911,-0.7581621266557033,4.327130997790084,1,8.781843490791253,2.596857005869846,262.239990234375,277.32000732421875,265.32000732421875,288.6199951171875
AAPL,13.655740706647029,4.327130997790084,0.36014397845818485,12,3.938473360148781,8.731843490791253,70.40742199800175,-0.8375411048157727,7.508136399682791,0,4.079409489748853,0.17294577821642676,277.54998779296875,288.6199951171875,266.95001220703125,277.8399963378906
NVDA,10.672641885247321,5.186386723833029,0.5378154038491592,5,3.590783043037166,9.43718505184738,59.34117451522664,-1.1959099219598694,6.167056601705204,1,9.733775511853636,-0.8899610438297678,0.3089999854564667,0.320250004529953,0.3005000054836273,0.3297500014305115
NVDA,17.467580028670245,4.740256885188137,0.31877713117864687,11,4.157123561550841,9.6977849987746,75.33935071720552,-1.5915456974920943,6.211181549896973,0,6.026487514839984,1.6181291949422194,0.38624998927116394,0.4025000035762787,0.3774999976158142,0.40024998784065247
NVDA,23.375071511354808,6.331563151250603,0.33418381466116276,3,1.5274374880619834,9.59912485740097,60.489607096798494,-0.7712830187806751,10.117648629581227,0,10.157074781236908,-3.154874976123956,0.5230000019073486,0.53125,0.47749999165534973,0.5260000228881836
NVDA,18.796195171910615,2.3999955919053817,0.15168513741216685,7,4.419029690181392,7.463659125720418,65.84229355519228,-1.2788091242253306,13.341806398867709,0,11.63244944442412,1.6371655322267475,0.5649999976158142,0.5902500152587891,0.5115000009536743,0.5709999799728394
NVDA,18.550002574920654,5.103333988624086,0.32614564609819374,5,16.70456881103794,27.861112043592666,78.58318892787415,-1.6871675621478592,3.995830740041158,1,15.598986337053633,10.993921148154273,0.6162499785423279,0.7195000052452087,0.690750002861023,0.7985000014305115
NVDA,27.911112043592667,3.995830740041158,0.18312102817629156,4,7.113235265334933,22.316993411432467,75.54503333816601,-1.9386692563776162,5.057675294067207,1,5.732087634647076,-0.5071325695726991,0.7887499928474426,0.8452500104904175,0.8025000095367432,0.8485000133514404
NVDA,15.59898633705363,7.169696028255512,0.5313227252737527,5,3.186639496413374,13.980358847713731,75.54503333816601,-1.9386692563776162,5.057675294067207,1,5.732087634647076,0.6717506970194353,0.8187500238418579,0.8452500104904175,0.8025000095367432,0.8485000133514404
NVDA,33.575762491544566,6.110099911519735,0.24308048247193273,6,10.644866999165753,17.991234737831746,73.39319506652473,-1.2485852721838484,5.485807132125147,1,8.172104751331766,7.643505297718534,0.8274999856948853,0.9160000085830688,0.8657500147819519,0.9365000128746033
NVDA,18.041234737831743,5.485807132125147,0.3589285638259374,2,1.9097176433576057,8.122104751331765,77.36235981746424,-1.4240079671533676,8.168713029129645,1,41.10465147709317,1.5514404304305396,0.9185000061988831,0.9365000128746033,0.8600000143051147,1.2135000228881836
NVDA,21.598045067434775,8.608320268200044,0.4846526214105291,7,3.1178683915974617,14.471196347771647,74.65465490135419,-1.4714944706264712,8.732009283911522,1,43.060973707494135,0.7919637261192047,1.7677500247955322,1.8237500190734863,1.6644999980926514,2.3812499046325684
NVDA,43.060973707494135,11.0026186245743,0.36553872294110934,5,24.294214217884264,41.42693400859669,66.45041662188734,-1.0235097703330613,17.134997915005375,0,9.871201184406342,15.531354278769127,2.411250114440918,2.9982500076293945,2.484499931335449,2.729749917984009
NVDA,11.896540566064493,4.248951382247556,0.3996480809413835,5,38.87324828289085,64.64553777173916,65.45074596482286,-0.4909851368870506,15.661720351454731,0,13.813238215099698,14.246852025502399,3.032249927520752,4.212500095367432,3.5527501106262207,4.043499946594238
NVDA,22.6223139973764,7.279470741902832,0.3945774721152951,1,1.2322672249013455,10.739539579755014,63.20605667320459,-0.728350399900291,12.402607044974246,0,12.419070841453683,-7.658837259951856,4.308750152587891,4.363999843597412,3.8227500915527344,4.297500133514404
NVDA,12.419070841453692,5.346134945078014,0.4839392018866579,4,6.107354835368723,17.45968561745885,73.26878982459927,-1.3917985507065938,11.004184096244488,1,28.508460384350464,-0.7439835280305895,4.502749919891357,4.78000020980835,4.254000186920166,5.466750144958496
NVDA,23.870653288199097,7.773511239299262,0.4033864946759501,8,1.5924370621776152,11.99995006755707,68.33776957180041,-0.8125883210106705,13.35066809987053,0,10.006000224701793,0.09061796221858653,6.621250152587891,6.730000019073486,5.831500053405762,6.414999961853027
NVDA,19.47888601314674,8.16913251546001,0.5010752935163677,6,1.1250008140639645,11.724586515979912,64.42310593639864,-0.7269767230461032,39.87908050365316,0,26.129202742134726,-18.654964623482563,7.234000205993652,7.318999767303467,4.40024995803833,5.550000190734863
NVDA,31.18401325420282,10.893937383703271,0.45828303576082446,5,1.7887792013219161,15.36290283203125,72.7459675232347,-0.9526241097486543,17.608584209724974,0,17.68097521042109,-13.269955198046224,4.391499996185303,4.472249984741211,3.6847500801086426,4.336249828338623
NVDA,20.68173361298006,4.830235636949227,0.2818531663421013,5,6.731337807829946,12.712352636953156,65.52074499355545,-0.6337055530667803,10.508674797729174,1,36.209794391049584,3.0697073842144373,6.075500011444092,6.487500190734863,5.805749893188477,7.9079999923706055
NVDA,65.4859326182782,10.665549219770007,0.26952328369637496,3,20.41774618167404,37.44766231796517,64.11670353299328,-0.6327224712114824,12.906040582843595,1,20.58023660735582,15.134327095749933,7.6217498779296875,9.181750297546387,7.9967498779296875,9.642499923706055
NVDA,37.49766231796517,12.906040582843595,0.4732429437532147,1,2.893925771265388,20.530236607355818,63.80336189269074,-0.7362399811371009,7.700288421577755,1,21.261237552138667,-1.4012270116045555,9.36674976348877,9.642499923706055,8.899999618530273,10.79224967956543
NVDA,20.58023660735582,7.700288421577755,0.45116225703977647,4,9.635698669629495,21.211237552138666,61.71074151417999,-0.5177568437579999,9.328454554917805,0,8.349092277045544,6.824709531199402,9.839249610900879,10.79224967956543,9.785499572753906,10.602499961853027
NVDA,21.261237552138663,9.328454554917805,0.532038617697695,1,33.7049124804982,50.44564168235739,84.99826981110095,-1.724159106321931,20.52387635710829,0,13.762088117491732,12.050133199550572,11.010250091552734,14.726750373840332,11.70425033569336,13.3149995803833
NVDA,57.19966358129983,11.283676660966014,0.31010500132450497,4,9.608597400284406,24.552128717448422,67.21547695860619,-0.6551520077655332,26.10963731752288,1,66.01123651459922,-1.067992775784965,17.135000228881836,18.790000915527344,13.883999824523926,23.048999786376953
NVDA,16.977626177031958,6.660246026250635,0.4588979411973437,12,16.31121979634972,25.52742695711309,73.49266339145206,-1.1067474874297702,6.357145309448242,1,7.208243121632907,9.753564180938689,24.062999725341797,28.0,26.219999313354492,28.110000610351562
NVDA,25.577426957113104,6.357145309448242,0.3121165987851562,8,45.01399151398091,59.89660878569032,85.04288040298381,-2.0142267628114934,10.92565397117192,1,17.75886835954841,0.14873492841602776,28.90999984741211,41.9379997253418,37.35599899291992,43.9900016784668
NVDA,59.91610720804675,10.92565397117192,0.29160573561716685,6,2.259463433399528,17.708868359548408,76.68387355570695,-1.4767722778577037,8.84292579204394,1,19.920207184682926,-5.058499356690726,42.99700164794922,43.9900016784668,40.099998474121094,48.0880012512207
NVDA,26.46855079589816,9.814364344797722,0.4689370586401176,4,13.025475092882449,25.37991048680627,69.92578153953482,-0.9816851980484219,8.523748590685672,1,15.729315482017082,12.519578249559338,127.72000122070312,144.4199981689453,132.11000061035156,152.88999938964844
NVDA,25.42991048680626,8.523748590685672,0.4204234314141375,7,4.949655757696164,15.679315482017081,58.34714019049982,-0.271136216465566,13.794228806386236,0,11.183603864247726,0.19229364612540767,145.61000061035156,152.88999938964844,131.8000030517578,146.5399932861328
NVDA,11.855583488705717,5.687098247034967,0.5365688608963933,4,5.944326565332897,14.371282812296375,51.50144671255584,0.15064783207216736,15.424808739510269,0,15.025872549813158,-2.519553788947304,144.47000122070312,153.1300048828125,129.50999450683594,148.97000122070312
NVDA,31.996101656768005,10.187702878452342,0.4202815328000111,5,7.7425586285447325,21.41450991778166,76.71955346217885,-1.2798012881064598,11.735856639369986,0,11.255867486062222,-2.087131689801003,219.44000244140625,236.5399932861328,208.77999877929688,232.27999877929688
MSFT,18.98245560495477,4.688882806672244,0.293900221337062,4,3.4417798203421004,9.077477694289298,74.111968369314,-1.2924479145328245,2.3816278471382577,1,3.920994662082977,2.4061022616407524,34.08000183105469,35.27000045776367,34.43000030517578,35.779998779296875
MSFT,9.127477694289308,2.3816278471382577,0.2847457407946206,10,-1.95635415022401,1.5764925016769016,51.34778700109048,-0.0509675333503477,4.029722148541186,1,8.487189751983347,-6.728337074239343,35.66999816894531,34.9900016784668,33.58000183105469,36.43000030517578
MSFT,16.524396675956464,4.05547619636967,0.2859783181695653,9,1.328410321925716,6.2494313843388385,69.05456917037434,-1.3266497916273157,8.85069472410138,0,5.88235357273843,-4.057220656272764,38.45000076293945,38.97999954223633,35.529998779296875,37.619998931884766
MSFT,13.293047877714562,4.33333502875434,0.3693184116984077,8,20.599549946081925,27.661964033917048,76.48066086236328,-1.2778559226690434,4.456167303270586,1,7.0435957527524184,4.257183760590033,45.56999969482422,54.97999954223633,52.529998779296875,56.22999954223633
MSFT,10.043491167369725,3.413585215752109,0.3740161944475107,6,0.49906372355267853,5.54896248178422,65.28122956482055,-0.8513674161669731,13.070286989275237,0,5.288755199699224,-10.36131521250756,56.459999084472656,56.77000045776367,49.349998474121094,51.959999084472656
MSFT,19.254787309985755,2.740442781872431,0.16972969673775337,2,1.884135950786886,4.939229573569976,76.4108775495238,-1.219705610498502,2.222220918052217,1,2.622377587400071,0.3659158158320741,57.38999938964844,58.5,57.20000076293945,58.70000076293945
MSFT,9.013604261613759,3.2293287739467478,0.39056603637782206,5,2.501745922986437,6.205045879684085,75.89705899564703,-1.5882687502169424,4.79442191857442,0,3.968124085688496,-0.3267451306072422,64.2699966430664,65.91000366210938,62.75,65.23999786376953
MSFT,9.409000061353705,4.219295171870518,0.4906247876585036,11,1.5549279544109618,6.529689284125601,60.91682227867524,-0.709190436386336,4.014746614123569,1,18.21173767521085,0.7222160489122054,74.7699966430664,75.97000122070312,72.91999816894531,86.19999694824219
MSFT,18.21173767521085,4.59396661794593,0.2981927295540251,15,10.566006197686278,16.76663690454378,70.27128651891684,-1.067517415713945,12.74070771588538,0,14.326606518558904,-1.0362712051711576,86.8499984741211,96.06999969482422,83.83000183105469,95.83999633789062
MSFT,14.326606518558913,5.196156007750395,0.41465428853481257,3,0.6750848783963537,6.971788697513065,55.00029986826749,-0.10210239254970432,10.448371303903881,0,11.472206768152438,-9.695463560790285,96.54000091552734,97.23999786376953,87.08000183105469,97.06999969482422
MSFT,14.836103211190753,5.310475695924157,0.41104751459107763,6,4.597938202327984,10.794672633480056,64.73646465702299,-0.6363031489169125,3.929357128690673,1,11.047790722347962,3.7331370079068726,108.22000122070312,113.25,108.80000305175781,120.81999969482422
MSFT,10.844672633480057,3.929357128690673,0.4016242069355867,4,6.2869096762839085,10.997790722347961,79.34161598844126,-1.4149718131174935,4.386693482159361,1,13.720566944867919,3.7757444216013347,113.62000274658203,120.81999969482422,115.5199966430664,131.3699951171875
MSFT,11.047790722347967,4.386693482159361,0.4409321573991501,4,8.565128922578074,13.670566944867918,83.16004418698262,-1.6517437133550672,6.340865122381602,0,6.0305638354424485,7.292275772436008,120.94999694824219,131.3699951171875,123.04000091552734,130.4600067138672
MSFT,13.720566944867915,6.340865122381602,0.5255517352421744,12,5.2772453007224165,12.433739325963094,72.38212111547017,-1.2306129056262636,4.096819666904148,1,6.743010047716913,4.23897076327624,131.39999389648438,138.39999389648438,132.72999572753906,141.67999267578125
MSFT,16.292741292499286,4.096819666904148,0.2924188023930891,1,1.9514390939200987,6.693010047716913,68.93638652666624,-1.1537151934396286,7.693389652713906,0,6.575933769527653,1.7566613021053668,138.89999389648438,141.67999267578125,130.77999877929688,139.3800048828125
MSFT,12.454833208192735,3.83606957607582,0.3463591660696556,3,9.70593605607714,14.63803916904784,72.07444638498053,-1.2535104983100949,4.750582898616466,1,19.038701985652363,3.732707527838275,153.24000549316406,168.19000244140625,160.1999969482422,190.6999969482422
MSFT,35.82854980137207,7.716666327582465,0.2925442426186244,2,3.6842333509225336,12.83302559620289,64.03842113484988,-0.9517070675028622,6.308998014835635,1,13.000917889853913,1.5877464390319007,180.75999450683594,187.50999450683594,175.67999267578125,198.52000427246094
MSFT,9.039493244924362,4.2852460084815736,0.5169106724616789,3,4.305687531445929,9.905081857492654,62.188222847523065,-0.8956352324510187,11.362732930953728,1,14.277126889653013,0.1946147878673976,215.80999755859375,225.2100067138672,199.6199951171875,228.1199951171875
MSFT,16.192669260820562,3.9437068279618486,0.28298597083788646,11,3.3912534526494067,10.743000289341115,61.364632778697725,-0.21849072763588837,11.386032427122114,0,5.0797473514546665,0.8152394120994444,255.13999938964844,263.9200134277344,233.8699951171875,245.75
MSFT,26.172784164417322,11.255242107287433,0.5425885240943201,15,4.477070904361352,18.870233641315142,68.75094485825596,-0.8768513306638542,3.5743537399968677,0,3.5932376760525297,3.1743174854816703,279.42999267578125,292.0799865722656,281.6400146484375,291.760009765625
MSFT,18.862162393930365,3.5743537399968677,0.2252421571948579,2,14.572339152719533,20.16019029600879,72.13801359507552,-1.1677135574027415,4.743619350899329,1,8.9829461149467,5.735180526608774,295.3699951171875,338.55999755859375,322.5,351.4700012207031
MSFT,14.821284399513985,5.608099827186475,0.43446249855333663,7,1.2669667671885987,8.408790091198565,64.96575164790019,-1.0159937292234158,3.0755303316330322,0,2.8258705333227496,-1.0582757130618514,425.2200012207031,430.82000732421875,417.57000732421875,429.3699951171875
MSFT,21.73010376473404,8.229191016109368,0.4609919433134705,6,3.521432444610978,17.112884320125335,72.85539579723729,-1.0744749290107307,,0,,-13.215174415987995,450.239990234375,466.32000732421875,,
GOOGL,24.760713686476173,4.459635151845495,0.2247056653417177,8,2.9759538651715713,7.88212496841782,61.21261369482568,,9.213978191618795,1,13.402103429692659,1.3680098607707691,15.018519401550293,15.472972869873047,14.047296524047852,15.929929733276367
GOOGL,13.402103429692666,3.7812605103694725,0.319951937202267,1,4.635674355096281,9.380361750433835,75.07142126645682,,7.958231250202555,0,3.9033270894513805,-2.2319361783558533,16.02227210998535,16.77302360534668,15.438187599182129,16.040790557861328
GOOGL,8.847754654096345,2.7290507820402192,0.335736083984375,5,1.1321013807277402,4.629372116399439,60.20258811142886,,5.091898180673594,1,10.903613754241714,-0.09864453886897495,15.475225448608398,15.658158302307129,14.860860824584961,16.481231689453125
GOOGL,14.638366430487826,4.539847581430366,0.35553195983305796,8,0.9026147589601574,6.990233173447819,69.32560328878614,-0.9051329679962743,6.641616125158177,1,16.311533300567802,-4.534060398023099,18.46771812438965,18.643644332885742,17.405405044555664,20.24449348449707
GOOGL,16.311533300567806,3.0371930512170544,0.21657104467584817,4,2.6888903841713,7.548163508243006,71.77439261705273,-1.1218629210112592,9.80331510671826,1,20.931089635286426,-1.6688928901223532,20.55805778503418,21.12112045288086,19.05055046081543,23.03803825378418
GOOGL,23.55215580812154,3.5064129903119454,0.18394277264302616,8,4.384335334654338,8.637560869842858,75.87926436697867,-1.223302807620887,3.1511171543828373,1,10.398054561949355,3.7029320839214064,26.174423217773438,27.335084915161133,26.473724365234375,29.226476669311523
GOOGL,8.687560869842851,3.1511171543828373,0.39422715150562837,3,6.062009934290996,10.348054561949354,71.158524356579,-1.1453373746221436,7.3311709758820855,1,13.54652613440721,3.4744049837100333,27.54304313659668,29.226476669311523,27.083833694458008,30.75275230407715
GOOGL,13.025098377225477,5.037565186841982,0.4371339734524025,5,1.6089014846088767,8.534292912789414,66.23870401518231,-0.625485237059684,3.953663387109262,1,6.434189503174514,-1.005234246819442,29.296499252319336,29.782499313354492,28.604999542236328,30.445499420166016
GOOGL,8.800476434749635,3.953663387109262,0.4887922413854533,3,0.5779804390151522,6.384189503174515,61.2406451767291,-0.48366729048873003,6.808887992326877,0,5.350249987210387,-5.207319155073986,30.25550079345703,30.445499420166016,28.372499465942383,29.890499114990234
GOOGL,9.835544026234643,3.9783016153553086,0.4442651276406111,5,4.2250608875573805,9.780511055941282,71.59155037405463,-0.855462326157631,5.636143288716463,0,5.732921565353255,0.3361399675830157,27.964500427246094,29.15999984741211,27.51650047302246,29.0939998626709
GOOGL,10.413353867674873,3.3114266302774205,0.3511123553292836,9,1.3538477188501596,5.189703103590321,58.912478711670914,-0.37279825293988916,11.094255503446467,0,5.346988271541786,-9.24615126389724,39.0,39.54750061035156,35.15999984741211,37.040000915527344
GOOGL,9.416483365132605,4.207208912406351,0.48886403355470115,12,5.01415704675387,9.749649400702836,62.30627335780797,-0.39566027656960007,6.337941534724482,0,5.658519939772844,2.329100451517463,41.260501861572266,43.349998474121094,40.602500915527344,42.900001525878906
GOOGL,9.929585037206204,3.8600394055151206,0.42734165474746955,4,4.432091363639085,10.483425919686468,63.96460479600728,-0.6429599142573373,7.192590501573351,1,8.397517386915677,1.0138672721350606,51.68349838256836,54.0,50.11600112915039,54.324501037597656
GOOGL,8.85700179350271,3.2238965704235256,0.3962330853383197,12,0.6953322524175964,4.872620936796829,63.96460479600728,-0.6429599142573373,7.192590501573351,1,8.397517386915677,-1.8693835599036035,53.60049819946289,54.0,50.11600112915039,54.324501037597656
GOOGL,8.397517386915686,3.1100197586631464,0.4014501016557699,8,9.705206118837022,13.752609358825712,81.46829480778838,-1.2811893150580618,16.77796793947636,0,14.769314497732534,4.072302548213003,54.57600021362305,59.900001525878906,49.849998474121094,57.212501525878906
GOOGL,10.939686688342164,4.92510277148676,0.4994561306393579,10,5.808151608101592,12.96971967565385,70.8241320185367,-0.7992233109446478,7.94180530182237,1,16.75933219019221,2.1383277120043953,56.75,60.074501037597656,55.30350112915039,64.5719985961914
GOOGL,11.833357589927257,4.0974946403738475,0.3872413893160781,4,1.6677382308095845,6.573431855877171,59.98675355693731,-0.16617749816824356,4.649378832184033,1,8.25313255566973,1.7741437720744102,54.95600128173828,55.900001525878906,53.30099868774414,57.70000076293945
GOOGL,9.692019188369072,4.693888967070558,0.531243437138324,3,2.2375183919959687,7.856377215490301,62.713883157479664,-0.571043893060282,3.009718327852314,1,12.875203039075034,-0.09888097451915545,56.63349914550781,57.92900085449219,56.18550109863281,63.419498443603516
GOOGL,12.645163418629506,5.403245266188885,0.4813298380186131,3,1.4135556399748672,7.786568099939423,67.91435306757492,-0.9916769359861285,34.09266259550325,0,27.865828772058986,-8.109178839532593,75.43299865722656,76.53700256347656,50.44350051879883,64.5
GOOGL,27.865828772058993,6.5891472868217065,0.3023512365709435,2,5.414983331838358,17.42136412814445,66.38265927698077,-0.694558319214905,6.515575331495706,1,11.295239749093078,0.4582024942613838,67.10900115966797,70.77649688720703,66.16500091552734,73.63849639892578
GOOGL,17.47136412814445,6.515575331495706,0.43808458037774084,3,3.566229150765049,11.245239749093077,67.79684819950478,-0.7373744767148697,5.90519320199193,1,6.493716842992048,2.1605910409883355,71.06849670410156,73.63849639892578,69.29000091552734,73.78949737548828
GOOGL,10.827988113468846,5.03266659743749,0.5151098320343188,12,12.373661675229325,20.3950749673148,69.96155319402786,-0.9729444026356872,5.87321756555084,1,7.814960889863132,9.662093684480656,80.80549621582031,90.84449768066406,85.50900268554688,92.19149780273438
GOOGL,20.44507496731481,5.87321756555084,0.34600026222111174,10,0.983442549044028,7.764960889863132,66.33654959189778,-0.9693007913594657,8.12602141525245,0,5.576745316389298,-3.7140337101884358,91.24849700927734,92.19149780273438,84.69999694824219,89.42350006103516
GOOGL,21.807137137538867,9.778809124371513,0.546210507386467,10,0.7869139966569072,11.888711089260035,62.4501802528064,-0.8077910275771395,2.6923093653351295,1,3.03464959705404,0.6106448151585786,121.75650024414062,122.77549743652344,119.47000122070312,123.09549713134766
GOOGL,11.93871108926004,2.6923093653351295,0.2524339838328705,1,3.198514367162714,8.200193560681239,73.01079410943028,-1.2424402278675222,4.50140533785332,1,11.976843160882833,-0.5424799048298401,125.25749969482422,129.32650756835938,123.50499725341797,138.2969970703125
GOOGL,11.976843160882842,2.926308709548436,0.27359363983294965,16,4.386180505918652,8.891525365165258,76.86424298379052,-1.4132219672043798,10.395609678638342,0,9.624191345326816,3.026958647861777,140.04150390625,146.25399780273438,131.0500030517578,143.66250610351562
GOOGL,20.158391876626077,6.081482299789342,0.36249971616840976,5,1.1976504236886398,8.668763085769974,58.425121296408186,0.0005365804815480324,17.00733436640434,1,27.480555652953353,-5.861964842232292,100.98999786376953,102.25,84.86000061035156,108.18000030517578
GOOGL,19.20151925803582,6.426492831847537,0.39895161354824205,4,18.968627066435133,29.326374623932566,58.23523006332362,0.06431685610556374,6.044634088803461,0,4.0168284661751485,-2.7762355263515337,108.41999816894531,129.0399932861328,121.23999786376953,126.11000061035156
GOOGL,13.128069795471307,4.725592242137143,0.40721685466499,4,2.498853748307667,8.253250653815519,66.14204703549234,-0.8941611051041017,3.659422501273777,1,4.6709340777832065,1.5902498871777304,134.57000732421875,138.0,132.9499969482422,139.16000366210938
GOOGL,9.194495172587738,3.659422501273777,0.4345956848627464,4,0.7175579375421737,4.620934077783207,64.6831480561089,-0.7473694132813556,8.580053267602267,1,11.004558926007713,-4.1926200499816435,138.10000610351562,139.16000366210938,127.22000122070312,141.22000122070312
GOOGL,19.185740931751862,3.9424676852974314,0.24491414422990307,4,2.261618758682932,7.048926927742899,65.00852595970395,-0.7295659091679232,5.835729641916546,1,15.801691766584923,1.0600180961825911,156.60000610351562,160.22000122070312,150.8699951171875,174.7100067138672
GOOGL,15.801691766584918,6.130162155741653,0.4492450295350872,11,1.4892518183838355,8.956100166134721,71.1524662386667,-1.1066647465401491,5.218997375440545,1,13.166901107847151,-1.6414855331840061,176.05999755859375,178.77000427246094,169.44000244140625,191.75
GOOGL,14.90286799313033,5.5686911592656365,0.42935264907570975,6,7.499512830224914,14.191892586496484,70.25060027551203,-0.9852921008115306,10.296458972722062,1,23.042151450148918,7.036776848653448,169.67999267578125,182.49000549316406,163.6999969482422,201.4199981689453
GOOGL,19.56845823267631,6.499974665076191,0.397165653018502,7,1.4225585297567844,9.600288641120251,57.5074683429818,-0.10405582023987588,4.6680967028200255,1,14.574284918157442,-4.434497848305774,178.60000610351562,181.22999572753906,172.77000427246094,197.9499969482422
GOOGL,11.870367733048804,4.6680967028200255,0.43993725089406366,6,8.97731857790371,14.524284918157441,72.52420358438818,-0.8641198204914478,5.117448739679505,1,36.30070813387179,6.069621293591676,181.55999755859375,197.9499969482422,187.82000732421875,256.0
GOOGL,14.574284918157446,5.117448739679505,0.4023031203566122,6,27.04760814577833,36.25070813387179,85.80787344600157,-1.7307326263020224,6.792968511581421,0,5.326686509934908,2.3185374895238864,201.4199981689453,256.0,238.61000061035156,251.32000732421875
GOOGL,23.638908101120535,7.164163514941829,0.3747082355311099,11,12.251488785902536,21.423945971150022,76.77935109012455,-1.8007003301712021,9.947387036093676,1,14.983788953403288,8.473070511750214,292.80999755859375,328.8299865722656,296.1199951171875,340.489990234375
GOOGL,14.983788953403291,6.208694744978478,0.47644774526176203,5,1.4949962235951408,9.234482019666384,63.953058100416406,-0.7237610494025954,15.114613180515759,0,7.854848612209908,-12.124301880104426,343.69000244140625,349.0,296.25,319.5199890136719
AMZN,13.230797082629437,4.045854646149741,0.34624924228144144,10,9.289675211425113,14.283328406704182,72.96434883119716,-1.2688048439393282,6.012643921377745,0,5.506991831587182,1.9333431615808916,12.077500343322754,13.205499649047852,12.411499977111816,13.095000267028809
AMZN,17.12805653962316,3.482681976208709,0.23815881882176165,4,9.289474351142573,15.384822887625965,71.97662593202782,-1.3360744446826962,10.399692434005148,0,7.5222478527467995,-0.7373323195966175,13.020000457763672,14.236000061035156,12.755499839782715,13.71500015258789
AMZN,10.596134326391232,4.948677944063647,0.5165135074557992,4,2.2868344447305624,9.62716975860824,58.34583208775515,-0.5536404206026695,6.472787666736496,1,16.75094028688826,-1.2677423652665887,13.843500137329102,14.166999816894531,13.25,15.469499588012695
AMZN,24.249580528035164,7.198698198321803,0.36884565094037053,9,8.030292883440787,16.65762210841805,73.88956578549764,-1.4433100355008193,4.887219770341848,1,6.885372621531283,6.2654054685215455,18.458499908447266,19.950000762939453,18.975000381469727,20.2814998626709
AMZN,16.70762210841805,4.887219770341848,0.3413865805777742,8,0.8028058036510355,6.835372621531283,62.00145395682856,-0.7901960294199544,4.242784515543413,1,5.0563841968486845,-1.0367971264005904,20.110000610351562,20.2814998626709,19.42099952697754,20.402999877929688
AMZN,19.811516018227596,5.9579680175373975,0.36031224461192524,7,5.337064517639662,13.816178200008615,66.30008110922854,-0.7155749099258912,16.51637899343435,0,14.705013773939068,-6.409584124159473,17.309999465942383,18.24250030517578,15.229499816894531,17.4689998626709
AMZN,23.417717545981183,6.341878776876335,0.3342341977003215,6,7.384407070441562,16.3964274897705,66.6846886961832,-0.7929651012351505,6.082977694116173,1,20.569100390968288,1.56770910817563,29.69300079345703,31.90049934387207,29.959999084472656,36.122501373291016
AMZN,18.461503700946103,6.082977694116173,0.3903250224343247,7,9.480167449011471,20.519100390968287,74.09313407595215,-1.2856552933664245,4.663302882991208,1,6.205357612640627,7.630493426661045,32.97949981689453,36.122501373291016,34.4379997253418,36.57500076293945
AMZN,20.569100390968284,4.663302882991208,0.27334702187546234,4,1.155055694401147,6.1553576126406275,68.1967837750249,-1.0098787661154482,6.750517343861029,1,11.027390189317753,-0.4828498273070858,36.13949966430664,36.57500076293945,34.10599899291992,37.867000579833984
AMZN,11.027390189317751,3.7790153271908515,0.3804836883978887,4,1.9188767422551212,6.129325735836305,67.22376386778667,-1.0111753555748264,2.798062572571688,1,5.144267175901618,1.81204789041165,37.94049835205078,38.6875,37.60499954223633,39.53950119018555
AMZN,12.858106826425807,4.83977946508167,0.42479686571274167,7,1.9307105945674807,7.1554735535552085,66.35857794236142,-0.8000787874392691,2.6845213491176114,1,2.9901488603902404,0.6799790172222098,42.207000732421875,43.042999267578125,41.88750076293945,43.13999938964844
AMZN,10.824239158959696,4.246962369985322,0.4348262879989717,6,9.843080922191788,14.874989996279712,70.79062921003228,-0.9263349671487751,8.804726456750865,1,9.708738183697063,3.930854998779698,46.2495002746582,50.82500076293945,46.349998474121094,50.849998474121094
AMZN,15.765147369244001,4.449053472550574,0.32669871003442597,12,7.35523537978306,12.592308418957392,69.72489175831402,-0.8258775013858747,6.624128532819508,1,14.197817328848505,4.5341525936473115,82.0770034790039,88.15499877929688,82.31549835205078,94.00250244140625
AMZN,10.675432027629556,3.6077960125811686,0.3740311224187918,4,6.321388061530348,10.456324887759843,80.06338023744289,-1.4406891822179064,9.046575359999142,0,9.01823069390919,3.085050838881931,96.38400268554688,102.5250015258789,93.25,101.65950012207031
AMZN,31.3083390393267,7.3114958912761905,0.306646858579881,6,-0.5911018185669581,7.412649915687791,61.7244044056594,-0.5793296533907553,7.187188697232508,1,14.949231780544725,-5.5901750988048615,85.9365005493164,85.47149658203125,79.32849884033203,91.1875
AMZN,14.949231780544725,4.280743981322824,0.32915954433366806,4,6.86892680202757,12.479220781491145,69.99165282432968,-0.959709575663588,7.567198792719404,0,5.6043014197249885,2.7230504157614854,91.86399841308594,98.22000122070312,90.7874984741211,95.87550354003906
AMZN,15.74163146209044,3.2441090013054974,0.23852576485238633,3,4.942268302874781,8.675604860594305,69.13429960023548,-0.7983771449078688,14.098632277952506,0,4.620356074464227,2.006188505464923,96.94999694824219,101.79000091552734,87.43900299072266,91.47899627685547
AMZN,10.537174455714156,3.2708987657758906,0.3431241544107521,4,8.773035430469893,17.785252228291984,80.75598554440175,-1.2529859864236605,25.61449442203816,0,20.354483476987895,6.280121604208699,100.43599700927734,109.29750061035156,81.30149841308594,97.8499984741211
AMZN,20.3544834769879,3.467043315235125,0.20500358452683093,10,23.849296989185113,30.961306034949637,69.09398852009329,-0.9770795271184474,8.83313111584596,1,11.924852029550536,16.546435119344704,99.87950134277344,123.75,112.81900024414062,126.27249908447266
AMZN,31.011306034949627,8.83313111584596,0.37316714186778394,2,1.051304175193185,11.874852029550535,60.276570347393786,-0.42833174199324137,7.739214124474671,1,16.83904950710837,-1.4948352218930427,124.89700317382812,126.27249908447266,116.5,136.11749267578125
AMZN,16.83904950710837,3.389347527900602,0.23517250391241176,13,21.171754048986852,27.105444390888817,70.42308685927205,-0.979681051050369,12.73992069584998,0,11.04608481335758,9.063659797606238,137.9409942626953,167.21449279785156,145.9114990234375,162.0290069580078
AMZN,12.447030125965325,5.372496431360425,0.4853537445921257,3,7.188063721265364,15.545515852358076,72.36627276193373,-1.2885805394259877,19.177985454139957,0,21.77777272281314,5.634128641495173,165.62449645996094,177.6125030517578,143.5500030517578,174.81199645996094
AMZN,14.683905227235247,3.9139326334693894,0.3056850832638485,3,2.711309129516221,7.599670818346621,66.67080059015453,-0.5353284167937713,12.00421922269134,0,5.903686715719303,-8.863959901217822,172.9250030517578,177.6999969482422,156.36849975585938,165.60000610351562
AMZN,11.117202911301135,3.707379426317726,0.37055510749431464,1,2.5981765993491726,11.113230803964264,69.07089709271315,-0.6631959027071489,7.259858735651159,0,6.084895692473613,-2.7899157012669096,183.78700256347656,188.6540069580078,174.95799255371094,185.60400390625
AMZN,10.146582864185813,4.3933562427826045,0.4769223135757366,2,1.7381227609142458,9.091152867836188,66.76695364992992,-0.6642633234999472,12.18053031790797,0,4.690205815141391,-8.286387308195875,184.80299377441406,188.1074981689453,165.19500732421875,172.9429931640625
AMZN,21.96978917180641,7.853406238143886,0.4359979495734959,5,11.452349747600914,24.51294163187853,76.65932103983297,-1.0947044262280896,20.71052685118558,0,6.814917251581298,-4.528557658605637,102.23999786376953,114.0,90.38999938964844,96.55000305175781
AMZN,15.864724570814104,5.69049720413697,0.4155936576681987,4,0.83101077030589,8.164763690421067,64.17615546305771,-0.5037662177979009,6.228405042078089,1,13.458194298528658,-0.5324843129855483,103.29000091552734,104.19999694824219,97.70999908447266,110.86000061035156
AMZN,26.11744523129314,4.321316619066862,0.20867026127779417,5,3.724090562138377,8.926967679702397,62.67157948464921,-0.6174227662869071,7.44072573908501,1,21.756331602874045,-0.026677698603871924,149.97000122070312,155.6300048828125,144.0500030517578,175.38999938964844
AMZN,8.328067747726497,3.7855081772038313,0.49240327852959337,3,6.359982546973359,10.975270716782497,64.38891721284328,-0.8108715574605919,12.127233730903667,0,7.805431455630618,5.399826187965062,189.0800018310547,201.1999969482422,176.8000030517578,190.60000610351562
AMZN,20.30209000420998,7.385274009418971,0.43762188937327917,5,5.830116298233729,15.608298149984716,67.08774632289746,-0.7949956768674437,7.739159284985482,0,6.25242955476335,4.340989768788672,184.52000427246094,195.3699951171875,180.25,191.52000427246094
AMZN,19.029374201787995,7.21030173895185,0.4510067933357802,18,3.1456129276053293,12.12391660302367,68.41910825584543,-0.9557858133737138,21.91159428232069,0,8.886894813139868,0.4935975870062892,235.00999450683594,242.52000427246094,189.3800048828125,206.2100067138672
AMZN,33.12677521226905,7.908206350764367,0.3178075748225944,8,0.6044373660733127,10.336650067737136,61.904446291256406,-0.4042379718169336,5.077837292956602,1,14.094834578561244,-1.9402670928082233,216.97999572753906,218.39999389648438,207.30999755859375,236.52999877929688
AMZN,10.386650067737143,5.077837292956602,0.5396595097582056,7,5.874762895982827,14.044834578561243,66.9833703018339,-0.8217435614546078,10.615989827903979,0,10.718003906140328,1.0703087133834277,223.3000030517578,236.52999877929688,211.4199981689453,234.0800018310547
META,53.04715355773065,12.915511255635776,0.37262738937852435,18,9.433341267652933,28.02156887883466,67.04915449460428,,9.127596120070235,1,11.069346816187497,4.452751402261068,29.420000076293945,32.209999084472656,29.270000457763672,32.5099983215332
META,28.071568878834675,9.127596120070235,0.41643043188481993,4,-10.490410131046064,-0.6991306152583976,49.731999172884876,,9.422282593902322,0,8.883827407108003,-12.965817165220672,32.470001220703125,29.079999923706055,26.34000015258789,28.68000030517578
META,37.782072408474114,6.900896048007941,0.2516589743120402,5,1.3751734629253665,9.091473472225559,59.36406211339211,-0.5070258212977906,23.62584181896378,0,13.96104233440212,-4.652790059038525,71.56999969482422,72.58999633789062,55.439998626708984,63.18000030517578
META,12.708020511644587,4.664427402429306,0.41369021939046596,7,10.09428362312756,16.387866895491804,81.59777144346717,-1.2721349148576089,7.496971959053121,0,7.5599069513090145,4.517202845450896,90.0999984741211,99.23999786376953,91.80000305175781,98.73999786376953
META,34.01388592190212,11.161775190701263,0.43977123652589306,6,13.390640237132272,29.03306107111287,73.66739472569509,-1.0139243903075825,9.200180899043978,0,7.415145673061874,4.541726741434315,97.54000091552734,110.6500015258789,100.47000122070312,107.91999816894531
META,14.180957860163645,5.563094849485957,0.44792425507843603,4,5.660671184051441,12.009383289156165,64.80538351746266,-0.6331651653895859,9.128985810917136,1,13.893335162876209,3.641455539869809,110.66999816894531,116.98999786376953,106.30999755859375,121.08000183105469
META,18.571558579586256,4.324789973169596,0.27611957577526614,13,1.6843714438451618,7.443074637327246,76.8110845392165,-1.1154833447591146,4.720409099270115,0,3.960235171005211,-0.8402037877036972,129.72999572753906,131.97999572753906,125.75,130.72999572753906
META,9.395895125007602,4.441555878428015,0.5171279315103882,5,2.772121023090274,8.245336939704345,70.18345241324839,-0.9955376227150694,3.553854683931151,1,4.450116992703634,0.3260635344803253,177.8800048828125,182.89999389648438,176.39999389648438,184.25
META,8.295336939704338,3.553854683931151,0.4639545002554024,10,0.6165580663496761,4.4001169927036345,62.580878566050636,-0.538587151479108,8.271373401988637,0,7.851609196948539,-2.1799735124160335,183.02999877929688,184.25,169.00999450683594,182.27999877929688
META,20.571102106785535,3.260415468159271,0.19109908855700222,8,1.6290078429444355,6.987000680439176,69.66467606843243,-0.7319324610705783,4.39487555088141,1,9.183077320476984,2.6227963350262895,191.77999877929688,195.0,186.42999267578125,203.5500030517578
META,23.90667926779889,6.5013375841320595,0.33695986875675615,3,3.4175137648573886,20.964591671626426,72.57919745643774,-0.9328500901267458,7.4679682215172365,1,9.217373927826,-1.64377314357963,166.69000244140625,172.47000122070312,159.58999633789062,174.3000030517578
META,21.014591671626416,7.4679682215172365,0.4300502903246021,10,0.9876259938092768,9.167373927825999,65.2955593605955,-0.6481386646993276,8.617328748985045,1,24.61074664029781,-4.098308672283634,172.50999450683594,174.3000030517578,159.27999877929688,198.47999572753906
META,10.630313446511725,5.216985329044075,0.5429348110025766,2,6.289686690434232,12.23650305881973,66.74158780102863,-0.6892466045093159,5.215900256936141,1,16.06357046820399,0.78267677942645,191.64999389648438,203.8000030517578,193.1699981689453,224.1999969482422
META,32.18817480628239,7.112508797399767,0.29209160254665895,5,32.27938793571219,43.23740166401839,67.02368049342616,-0.6528953961872022,7.321422482715804,1,9.680160632625089,14.368006702214696,182.27999877929688,241.2100067138672,223.5500030517578,245.19000244140625
META,20.78122406416604,7.243652032502472,0.42100366969679887,1,20.054866806055188,31.25630307744453,81.41427534852136,-1.7386444175598899,19.870681680749506,0,9.912743704351135,2.984188954181355,253.6699981689453,304.6700134277344,244.1300048828125,268.3299865722656
META,18.2287934734036,7.327080204588237,0.4752217164209168,3,2.2063209795973595,13.678174575270024,69.34058648725875,-0.9537178753994832,6.280864895279146,1,12.082822585192577,-2.1592092676383956,308.9100036621094,315.8800048828125,296.0400085449219,331.80999755859375
META,13.728174575270028,6.280864895279146,0.5203250405780491,10,1.2458601824293758,12.698273593110725,66.04013948133235,-0.929978583680244,3.0858612950560116,1,5.0822313228192195,-7.359412242817331,329.510009765625,333.7799987792969,323.4800109863281,339.9200134277344
META,11.935341911700743,3.0858612950560116,0.2894068236248438,4,0.942342678922653,5.03223132281922,63.15890520605127,-0.6407364046867058,3.6096784674488007,1,9.50404859713676,-1.2745790595076523,336.5799865722656,339.9200134277344,327.6499938964844,358.7900085449219
META,15.011683290510225,6.366484706436856,0.4877668337124274,2,1.836301611142671,9.307266855798119,59.26842784429332,-0.41674114305571464,18.060157986073406,0,13.490878833571983,-5.231378396995812,346.17999267578125,352.7099914550781,289.010009765625,328.0
META,34.79396390063789,8.77547444535091,0.33996729690689675,5,3.462118599961789,15.044164069594562,59.17976341161888,-0.20280248327265285,9.793855188741077,1,75.31567247658928,-3.561940242914241,120.44000244140625,124.66999816894531,112.45999908447266,197.16000366210938
META,18.24457702664236,6.153026367015746,0.3987826076423168,3,11.989700419630605,20.276299752048825,80.85104385795162,-1.2490590663738714,6.396211437586771,1,23.099500411412023,10.435478473208759,246.85000610351562,276.57000732421875,258.8800048828125,318.67999267578125
META,20.326299752048836,6.396211437586771,0.37863874099316686,2,13.025260922977305,23.049500411412023,74.59931264743477,-1.2614840195327566,9.533075681258886,1,13.146037467500316,1.8273514740923202,281.8299865722656,318.67999267578125,288.29998779296875,326.20001220703125
META,22.73443841046886,8.532604869908281,0.4606423294821238,7,4.964218276400606,15.329707221562611,70.23768026842225,-0.9614777478596176,6.048627935904484,1,53.98664518292415,-0.043524432305031,344.6199951171875,361.8999938964844,340.010009765625,523.5700073242188
META,15.379707221562617,6.048627935904484,0.45377256555207474,2,41.275884848719,53.93664518292415,67.75336759899866,-0.9566430774423159,9.085701369207959,0,8.201676056164665,6.130048689569589,370.4700012207031,523.5700073242188,476.0,515.0399780273438
META,16.405307599517492,5.811400734698834,0.4123530668370864,11,3.777821334885462,13.05346772658275,67.45692517736964,-0.9404577703770579,4.206142819484322,1,10.239846749564109,1.3412545310029111,495.05999755859375,514.010009765625,492.3900146484375,542.8099975585938
META,13.103467726582748,4.206142819484322,0.3630560616193529,6,4.424940355156565,10.189846749564108,63.78923840571099,-0.7494483910369113,18.45212949514578,0,19.094090179392897,-3.982216209605882,519.5599975585938,542.8099975585938,442.6499938964844,527.1699829101562
META,20.725376043862994,8.935555943343834,0.5204963949209443,13,7.792968795543026,21.610614362682938,69.37294124627965,-0.730680546572768,6.871215164940686,0,7.066532144108706,4.233597742605211,559.0999755859375,602.9500122070312,561.52001953125,601.2000122070312
META,38.11379736760122,6.03919892679364,0.21884376641694553,7,5.609557209926547,13.797260470962208,68.57980374461334,-0.7591862664384608,4.260303358169181,1,10.200840356463958,4.653446052620325,670.9000244140625,708.8699951171875,678.6699829101562,747.9000244140625
META,13.847260470962205,4.260303358169181,0.3502670200505724,6,4.962638527820412,10.150840356463958,71.7338880442965,-1.0264082945840918,7.5812288215196295,1,15.198203984045033,2.8896400922640453,712.2000122070312,747.9000244140625,691.2000122070312,796.25
TSLA,24.50932624046001,6.444799970738393,0.3274009633061676,2,21.646805254743068,30.987026261141818,71.70731839038996,,11.285705060373722,0,12.721405347417925,8.93605380086926,1.9173330068588257,2.3333330154418945,2.069999933242798,2.3333330154418945
TSLA,54.46113611795025,6.720020077070507,0.19059131149811434,11,1.5606361554482306,12.120419420046506,68.72015399976564,,9.401460458999166,1,20.512800596197465,3.860016861441906,2.4006669521331787,2.439332962036133,2.2100000381469727,2.663332939147949
TSLA,52.03826652137964,15.030211541566091,0.4391320966255655,5,7.278224599493916,28.61666581895616,72.79361477768533,-1.1152709006944563,8.744962944234759,1,22.705198213967925,-0.7044013861041032,10.78933334350586,11.579999923706055,10.567333221435547,12.966667175292969
TSLA,28.66666581895616,8.744962944234759,0.39250648535518456,4,9.268803306996592,22.655198213967925,78.53181011225413,-1.407256541897456,16.966578840375224,0,16.897829334057548,-2.591049381351196,11.861332893371582,12.966667175292969,10.766667366027832,12.586000442504883
TSLA,36.08957540298901,13.5,0.5090692388107703,12,61.407387223571085,93.84773313062433,81.41216309113341,-1.529052880249215,23.396234807699326,0,16.123154499191305,11.399493041324105,10.942000389099121,17.666667938232422,13.533332824707031,15.715332984924316
TSLA,21.20527815303389,7.239293940012286,0.4137840726721258,8,8.800898873391809,22.655150789197236,69.79728056480741,-0.8930686490905919,12.634466262830516,1,25.121724071744712,6.878587782460088,14.973999977111816,16.299333572387695,14.239999771118164,17.817333221435547
TSLA,25.121724071744705,5.851972731323117,0.291464437421923,1,8.003392608949593,15.76749217175643,78.71576937477559,-1.262611000268482,19.137325276287232,0,12.68406870364458,-5.873191227723639,17.979999542236328,19.42799949645996,15.710000038146973,17.702667236328125
TSLA,17.420065439197387,4.460093061152889,0.3006328655500226,4,8.749679947160242,17.27187021486,75.08268260463318,-1.047599065783513,7.748692542496675,1,14.810440830700777,5.008211556126563,14.629332542419434,15.916666984558105,14.683333396911621,16.857999801635742
TSLA,17.321870214860013,7.748692542496675,0.5248227180606407,8,5.536873484460586,14.760440830700777,72.01028264595776,-0.8458233413340496,2.843350194892836,1,5.319920872365058,3.327908909824684,15.965999603271484,16.857999801635742,16.3786678314209,17.25
TSLA,14.810440830700768,2.843350194892836,0.22041632186599763,5,10.157183870033275,14.916614608194884,73.51215210986042,-1.1661279600560202,9.9628224019364,1,12.71676346098829,1.3656307752245578,17.086000442504883,18.829999923706055,16.95400047302246,19.110000610351562
TSLA,10.934892552897526,4.63861049996543,0.4705887642874486,5,3.612741123289548,11.739287410715033,63.186469977322616,-0.7641616929144691,21.997096094492985,0,25.95411657522444,-5.479036332492148,15.489333152770996,16.05666732788086,12.524666786193848,15.775333404541016
TSLA,51.970761130601595,9.265352395850593,0.27093362211921845,5,4.618344695678983,16.744934418312923,73.10273110157391,-1.0034504854093445,9.440750012574401,1,196.23662224719482,-2.5355731372758705,23.006000518798828,24.079999923706055,21.80666732788086,64.59933471679688
TSLA,59.7671969108036,20.285710957585433,0.5422692286996569,5,35.1943268612302,73.54991093912501,68.91986242652698,-1.125583557939674,13.05374425737193,1,29.093629106401565,26.553228357260572,38.20000076293945,51.663333892822266,44.919334411621094,57.987998962402344
TSLA,73.59991093912501,13.05374425737193,0.30789831286293434,2,8.847650633619423,29.043629106401564,62.47820806828038,-0.5054679548575817,21.473408096699696,0,23.46129329598947,1.5699503007629012,53.25,57.987998962402344,45.5359992980957,56.21933364868164
TSLA,23.461293295989467,6.912215664450855,0.3637442636718499,10,14.35596581107818,30.83917169483869,76.45564194443,-1.6583794112826233,11.57978658886686,0,12.184928464662637,10.332921642503056,59.87333297729492,68.49866485595703,60.56666564941406,67.94667053222656
TSLA,30.88917169483869,11.57978658886686,0.4906796109631647,3,66.18201848673164,97.52732918448783,79.13424569711863,-1.5099874172810843,23.95500833861337,1,84.0622786637191,43.17425296146775,71.98733520507812,119.66600036621094,91.0,167.49667358398438
TSLA,91.5371113592642,23.95500833861337,0.5012473117877918,21,36.820525540822246,84.0122786637191,75.43351757785163,-1.5751983293359455,34.35093561464807,0,40.03273645832763,35.734682405004925,122.3759994506836,167.49667358398438,109.95999908447266,153.97999572753906
TSLA,27.77682763255975,9.54151940462983,0.43892164232930325,3,-1.9576529990517233,11.38946911366449,50.1973365255714,0.0412495624494817,12.479558701642578,1,65.21981915773931,-11.983524873646111,153.76666259765625,150.8333282470703,132.00999450683594,218.10667419433594
TSLA,65.21981915773931,13.44602384285985,0.34062492910858294,1,37.22702428345923,58.935768216745615,71.38684145803899,-1.1682085060812932,40.083295296513825,0,33.06085637417813,11.262389245826832,218.63333129882812,300.1333312988281,179.8300018310547,239.28334045410156
TSLA,17.81795223211646,7.273199791732349,0.48092704171267997,3,60.526711634960925,75.37357103441285,87.18068751774028,-1.630836206050487,21.30213992153128,0,22.82341474659466,1.4333791575810384,258.1300048828125,414.4966735839844,326.20001220703125,400.6499938964844
TSLA,22.420840204334276,7.589958491166921,0.4144220676551871,4,33.464885409410456,49.32712407651531,72.89269328407957,-0.8140461063505487,13.101554050897668,1,24.341509073337587,-9.84286742837045,207.4600067138672,276.989990234375,240.6999969482422,299.2900085449219
TSLA,22.879088434062062,9.713156499211795,0.5216745500505168,10,4.537773129314599,16.133176349010363,55.97881535646319,-0.2622331465975479,33.99087568976194,0,17.479008374853034,-2.003945495485082,253.5,265.1300048828125,175.00999450683594,205.60000610351562
TSLA,51.51121285908105,9.76431825299109,0.2872003238013324,2,32.1700929543534,49.53817294559062,67.2836225202248,-0.8610555432779522,23.64187128583546,0,17.88011477632727,18.046503276330395,369.489990234375,488.5400085449219,373.0400085449219,439.739990234375
JPM,11.795174012647983,5.635621222360133,0.5341466387418577,3,7.049239108626554,14.73048064979891,77.65130523642037,-1.4886897127854686,5.678306916094153,1,9.672544279073648,4.020360971317061,39.29999923706055,42.09000015258789,39.70000076293945,43.540000915527344
JPM,14.780480649798914,5.678306916094153,0.4409591355983618,8,3.370433476479623,9.622544279073647,72.01051421817233,-1.3233914567107938,6.132296572116965,0,5.382923465709033,-1.0213784341111198,42.099998474121094,43.540000915527344,40.869998931884766,43.06999969482422
JPM,14.705121852211779,3.68208207440047,0.2872153507183791,4,11.190484717678666,15.754192396606154,69.23336109828819,-1.10797328761965,5.696460977597561,1,8.858061176183973,4.836542442436387,44.65999984741211,49.68000030517578,46.849998474121094,51.0
JPM,13.333333829070476,4.71275867308897,0.4005844740709344,16,2.061949702589211,7.296569643906964,68.10738588975936,-0.9344080205392075,3.262153020993856,1,3.980533572254208,1.0817260220837177,58.2400016784668,59.470001220703125,57.529998779296875,59.81999969482422
JPM,9.382664322203857,2.7787311595001074,0.3239431863100652,4,1.9434694531504426,5.311257846438572,65.16185030057692,-0.8400672555190422,6.318450036077332,1,8.579137749408128,-4.175975876480642,58.189998626708984,59.349998474121094,55.599998474121094,60.369998931884766
JPM,8.579137749408138,2.6337587886689904,0.3333333333333333,4,0.8143163436636625,5.1728645093227,70.06202719832876,-0.8904513555063837,5.238476869365149,0,3.7365613443146595,-4.0443567426267535,61.31999969482422,61.849998474121094,58.61000061035156,60.79999923706055
JPM,14.135647292489356,3.520103817912606,0.28422421660710867,8,0.6836508435013433,5.657112715334084,66.63191169963915,-0.910184408593434,7.995565625808758,1,9.258304958883201,-1.2280708905809123,62.70000076293945,63.15999984741211,58.11000061035156,63.4900016784668
JPM,10.963701331770059,3.105285135628892,0.31428613559676283,4,3.3206005382222905,7.69635917046056,56.45458979812958,-0.18830999303840792,4.628598531654009,0,3.5690450672515306,-1.41400956045179,60.81999969482422,62.869998931884766,59.959999084472656,62.099998474121094
JPM,9.529479406887463,4.2028578754385455,0.4830660894080016,9,3.766441863590381,8.724489142749164,72.78064547040458,-1.1081970180290186,2.798042587439966,1,6.905531013355581,2.626694864304757,64.72000122070312,67.19000244140625,65.30999755859375,69.81999969482422
JPM,8.774489142749157,2.798042587439966,0.34686424257524345,4,3.509776907535395,6.855531013355582,68.65558799345811,-1.089386978614109,6.602693541250908,1,8.28094096257197,0.9789434589652313,67.41999816894531,69.81999969482422,65.20999908447266,70.61000061035156
JPM,29.09926060241285,9.452352518632647,0.41935488938424975,11,5.339311113430351,17.88951856994407,72.63746791102281,-1.1412400638264435,5.591772676532676,0,4.511282068452194,2.8244251513299234,65.5,69.02999877929688,65.16999816894531,68.11000061035156
JPM,13.299463830159276,6.2944684178954,0.5362320661575716,11,-2.1409572456952795,5.825559274344977,55.062087451482434,-0.15309143990723678,11.06781312538883,1,13.900095049820083,-1.1752086119007576,65.5199966430664,64.1500015258789,57.04999923706055,64.9800033569336
JPM,13.900095049820079,2.462299486242845,0.20176563147157284,13,0.236568330718473,4.856905558919039,66.3073951863626,-0.9792523061651792,2.4514924135772245,1,4.486580335076984,-0.6636537272294851,66.30000305175781,66.48999786376953,64.86000061035156,67.7699966430664
JPM,10.853766303196359,2.7447770605577335,0.28033483154675637,5,4.631114066314596,7.805938454502876,76.58119279264183,-1.2532805831836218,6.317126866210869,1,22.303285259532203,3.648822013330544,97.83999633789062,102.41999816894531,95.94999694824219,117.3499984741211
JPM,15.078281920021547,2.7888774443286435,0.21284866968343713,3,-0.4829757468940154,2.5302474424879264,61.61019556672836,-0.5139568860644947,3.9307645449646387,1,5.831188250285324,-2.3940909015244594,117.79000091552734,117.27999877929688,112.66999816894531,119.23999786376953
JPM,15.508722597695353,4.922083248121269,0.36659598811477245,7,1.57955333167083,7.155675854879545,61.586359578032834,-0.4845277034614513,4.9221580540043375,1,6.284933617384092,-1.2884894088393994,105.55000305175781,107.2699966430664,101.98999786376953,108.4000015258789
JPM,8.431037395468191,1.9838290694276333,0.2551389988246864,4,5.30024244817881,12.333696558378298,75.92356703037255,-1.089997945996356,10.51554023483114,0,6.419309034734555,4.415073916491852,111.20999908447266,117.16000366210938,104.83999633789062,111.56999969482422
JPM,18.79297617981735,2.947669521738226,0.18632622737950275,4,7.258540732284907,10.686154552782273,75.6663803776609,-1.3160806040819881,3.8979445514446107,0,3.8053010111085417,2.2891431904247916,131.49000549316406,141.10000610351562,135.60000610351562,140.75999450683594
JPM,12.956888075242631,4.049603037921091,0.3530404480205787,2,18.91734698437168,24.647090931304565,72.37266302667194,-1.2959676892608305,4.364371975423836,1,20.86190776591097,-0.8188021328498052,103.80999755859375,123.5,118.11000061035156,142.75
JPM,29.672409460417388,4.364371975423836,0.1907289094907123,13,15.490264244428136,20.81190776591097,80.94441580484734,-1.5338499171630209,10.788092137218149,1,26.965060368071715,6.475111131036249,123.55000305175781,142.75,127.3499984741211,161.69000244140625
JPM,13.967697685164016,6.675994003244995,0.5447194544580805,5,0.636929760714694,8.009483538696854,60.932671360605596,-0.650726471636565,3.7407498667634984,0,1.7718762994234583,-2.171379528492934,171.77999877929688,172.9600067138672,166.49000549316406,169.44000244140625
JPM,9.843487348412,4.703865542432269,0.5249044133552374,4,4.8912944541602945,11.85776582637265,67.08658512080319,-0.7345002958535124,9.924335490717027,0,8.614064046280046,-2.1876816886926,118.38999938964844,124.23999786376953,111.91000366210938,121.55000305175781
JPM,34.44905194526964,3.5910989611540156,0.14015475709922937,4,1.5473094979592206,5.571575983725813,63.16134914396688,-0.48530294438673965,6.339253074261859,0,5.559406708368786,-2.637742495181039,136.47999572753906,138.66000366210938,129.8699951171875,137.08999633789062
JPM,8.52099801580023,3.185646571706166,0.40571485246930805,9,11.664020067933716,16.355983156813895,68.64944460317278,-1.0557870112263845,10.819152597304964,0,8.811388847000078,3.0132864380265856,179.8699951171875,200.94000244140625,179.1999969482422,194.99000549316406
JPM,8.811388847000067,3.3488889662736088,0.4135525804637355,3,3.8600482463193755,7.824347770995094,59.986584307486474,-0.6338821231714986,6.109197236845749,1,10.215842152755439,1.3595725760751742,195.64999389648438,203.3000030517578,190.8800048828125,210.3800048828125
JPM,10.215842152755439,3.9357346644749174,0.42461532201522434,6,1.7943977771110953,7.599673917951061,71.47128739888117,-1.2478148202729178,12.254092646295991,1,18.114197452413606,0.7349533564765309,213.6199951171875,217.55999755859375,190.89999389648438,225.47999572753906
JPM,10.560831074583476,2.230875233260162,0.23354925201535495,5,2.884509864665791,15.084911235409242,69.70649645841708,-0.9944997916380759,9.74401282575904,1,22.097329974489565,-2.5418921886808055,247.05999755859375,254.30999755859375,229.52999877929688,280.25
JPM,13.154173505459141,3.7741937944965978,0.3246618111646907,10,2.267438920182391,6.516375380918244,69.70649645841708,-0.9944997916380759,9.74401282575904,1,22.097329974489565,-1.9070631401992055,248.5500030517578,254.30999755859375,229.52999877929688,280.25
XOM,10.771311123295659,3.909109362793645,0.4020097131021448,5,5.645119718225983,10.133058904044228,66.87320707799796,,3.2883333729459743,1,4.915297973732202,4.585368458817651,82.0,86.66999816894531,83.81999969482422,87.94000244140625
XOM,10.18305890404422,3.2883333729459743,0.35580529695605045,8,0.9956206766325415,4.865297973732202,68.63130312967165,,5.401409902353469,0,3.906719442987261,-4.021601802932118,87.02999877929688,87.94000244140625,83.19000244140625,86.44000244140625
XOM,8.147405489415434,3.99860569894911,0.5307687612680289,4,2.7123753025590283,7.290337675539166,61.364725371664825,-0.7106276238624485,2.688119357328869,1,6.992606664927159,1.9417480008772303,86.5199966430664,88.91000366210938,86.5199966430664,92.56999969482422
XOM,8.96358543417367,4.35989497559849,0.5299997329711914,18,1.127074270010614,6.228890660960168,64.335038008483,-0.8565958970369548,2.6403648463736293,1,7.4916866630427625,-1.0030662826511882,97.69999694824219,98.8499984741211,96.23999786376953,103.44999694824219
XOM,14.169796953790978,5.554094543637614,0.447508068306946,10,13.789350632322977,21.80061292976078,74.32285189279276,-1.3523153085267785,10.898900403946065,0,6.083939983274278,5.442000309903805,76.80999755859375,87.44000244140625,77.91000366210938,82.6500015258789
XOM,16.617748263473107,4.518221670844668,0.3170735463403929,2,0.707754435929292,6.765614949131943,54.950162114049256,-0.20125733639786123,3.6545248720507484,1,9.501160042071,-0.994549309727677,84.45999908447266,85.0999984741211,81.98999786376953,89.77999877929688
XOM,9.501160042071009,2.840271170677835,0.3273421210106057,6,0.47228162224721154,3.6528494821011783,59.862748278729754,-0.7429761086489632,3.150562130185001,1,9.062895087422351,-0.3555947354378697,89.98999786376953,90.45999908447266,87.61000061035156,95.55000305175781
XOM,13.364267882019941,3.984169917409125,0.3379627749098866,5,6.048531341517322,14.416391797420019,72.07002717857873,-1.1333984803315424,3.339543562373021,1,5.317235239140272,2.357746257506532,75.91999816894531,80.55000305175781,77.86000061035156,82.0
XOM,10.752095880494295,3.339543562373021,0.3439900954454854,2,1.5483161072486318,5.267235239140272,64.23037742092455,-0.7766083284429444,2.939028856230945,1,4.535746672264818,-0.4584348293633078,80.70999908447266,82.0,79.58999633789062,83.19999694824219
XOM,55.13117946737655,16.655960033797353,0.4686746683396184,4,0.4135508321682691,22.426239227865302,59.57280293536168,0.1588528310097642,15.68791840260193,1,37.71144169078766,-11.65191505683385,47.459999084472656,47.68000030517578,40.20000076293945,55.36000061035156
XOM,19.547035623638422,3.370879790028229,0.20615846520184444,9,1.4051618148148426,5.858323424598794,61.72458178732291,-0.7529640597960543,14.926619245491551,0,6.361503339262398,-7.690352430272041,118.19999694824219,119.91999816894531,102.0199966430664,108.51000213623047
XOM,11.823985561549923,5.666100197566395,0.535864919138065,8,4.636398742198295,12.360135230511332,63.47944840993079,-0.7718277180671529,3.5678205944353953,1,5.322860868535351,3.6293189468074916,113.5199966430664,118.83999633789062,114.5999984741211,120.69999694824219
XOM,12.410135230511344,3.5678205944353953,0.323170689157882,2,0.36597338826497855,5.272860868535351,64.63739719095159,-0.8842724627184908,13.148297861177886,0,8.718877449204454,-11.405989544555606,120.19999694824219,120.69999694824219,104.83000183105469,113.97000122070312
XOM,9.512374365329073,4.176198863578086,0.4807900065825507,4,16.871772753026466,23.084328358208943,70.70310237560403,-0.8445921783540057,5.35757353811553,0,3.961748019839284,5.130385953378802,105.83999633789062,123.75,117.12000274658203,121.76000213623047
XOM,11.758690839624983,5.699911420847303,0.5417394223420516,8,6.792680363983322,13.416573488420196,60.0586216463531,-0.424660512211721,8.379645727310624,0,8.035464757573596,-6.714780317555946,109.45999908447266,116.94999694824219,107.1500015258789,115.76000213623047
XOM,32.68791505033097,7.506531147066614,0.3047077079192768,3,12.148695195417407,21.486349349017868,76.47264861152127,-1.5606548829703926,19.52270377329147,0,9.664014300721412,9.056799516703107,157.22999572753906,176.41000366210938,141.97000122070312,155.69000244140625
WMT,10.846623578194112,5.098038251902727,0.5209919225296668,6,7.882961489138513,13.999581379774146,74.84003918548198,,3.933748658833769,1,6.681033441803508,5.996278006191957,17.899999618530273,19.31999969482422,18.559999465942383,19.799999237060547
WMT,16.05926361833108,3.933748658833769,0.2842894814197529,3,-0.2522876416247432,6.27184351005598,58.09690956907189,,3.00676109975401,1,6.339253754307972,-4.163849613593085,19.773332595825195,19.733333587646484,19.139999389648438,20.35333251953125
WMT,9.54370052725421,4.396955117694519,0.5046876033767195,1,2.081122227774851,7.083703917894541,75.07023689989381,-1.2998084011526079,5.170124014926296,0,5.381923114307141,0.24433065424256384,24.55666732788086,25.079999923706055,23.78333282470703,25.06333351135254
WMT,8.909443349811617,2.9514883102922025,0.36079128213346406,3,6.681284392072312,10.04582381215097,76.55284823823226,-0.9480869625516304,3.3678080348842716,1,3.7723526519042316,4.052229922401884,24.760000228881836,26.426666259765625,25.536666870117188,26.5
WMT,10.095823812150968,3.3678080348842716,0.36726235217724956,3,-3.794056463249823,0.2893790881892622,46.82852455605378,0.4351990077268515,5.164565208620571,0,4.403298912622855,-5.296775771256312,26.6200008392334,25.623332977294922,24.299999237060547,25.3700008392334
WMT,13.807390945173005,1.7231711357491675,0.14203234477126342,4,3.9942197406582283,5.937168750434857,70.41491699866242,-1.0210886784395967,2.528574828046168,1,3.7532734767510956,3.302547775800857,23.81999969482422,24.78333282470703,24.156667709350586,25.06333351135254
WMT,15.819549692715185,6.280830508115341,0.45983796964914225,7,4.140409808109186,11.839158852498437,71.57803374918196,-1.0844352764005234,6.89191835961714,0,3.597940016203416,-2.140213293412352,33.33000183105469,34.72666549682617,32.33333206176758,33.496665954589844
WMT,11.550694938503362,2.99411590921537,0.2891563773241505,3,2.772295316878165,6.040388771123623,80.70430462103126,-1.3222219588091186,9.221575814508402,0,9.624193010873515,2.136760366190571,37.439998626708984,38.496665954589844,34.9466667175293,38.310001373291016
WMT,9.624193010873524,4.176461058374824,0.4757190266741373,5,3.3578237663118573,8.785019898567075,66.48961117197044,-0.8157213475962898,4.40514451340031,1,5.349978171528136,1.078426242327235,38.63666534423828,39.95333480834961,38.19333267211914,40.23666763305664
WMT,8.835019898567083,4.40514451340031,0.5426518516950298,7,4.224773545189881,9.37572491650897,60.26209079918412,-0.39431290974779837,6.348696511669405,0,4.002732469448311,-0.9980077535050813,40.08000183105469,41.793331146240234,39.13999938964844,40.706668853759766
WMT,14.631223660055415,4.853496339477519,0.3802567969368329,12,1.4470492220000908,7.793596698089939,63.96298114924195,-0.7039223978487295,5.783627589981385,1,16.703944324186494,2.396752308588068,45.20000076293945,45.87666702270508,43.223331451416016,50.44333267211914
WMT,8.637417423475895,1.9132685126751912,0.24064201122173276,4,1.0406576332904371,3.0709416134698078,63.59296217027438,-0.8100014247637225,4.890011971638794,1,6.496755849544256,-0.42492270374941965,47.06666564941406,47.58000183105469,45.253334045410156,48.19333267211914
WMT,11.574882468546303,3.9174471463467677,0.37761826620540795,2,7.2229655163039865,13.552320711784997,71.34768754390667,-1.0224626377561041,27.057286730199397,0,10.770015523251253,4.904244026786819,49.956668853759766,53.59000015258789,39.09000015258789,43.29999923706055
WMT,11.044157929639482,1.9653289150293594,0.19760519164482035,4,1.2813099574080444,3.7299570261396466,65.28551087082948,-0.650913059677208,2.7902444979039633,1,3.2717805662382915,0.026360706482009277,50.57666778564453,51.25,49.81999969482422,51.45000076293945
WMT,9.116610964088785,3.216836434320907,0.3850227799799339,9,1.572781871726442,5.043383238761762,66.05048059445951,-0.8776492324706976,1.851626150382219,1,3.051405317271816,-0.018947027954163698,52.790000915527344,53.64666748046875,52.6533317565918,54.2599983215332
WMT,12.137248870112492,2.329119687065918,0.21518968325675325,6,8.321318993888942,11.125183540676236,66.22374641851707,-1.0356331593597912,6.533020527809051,1,21.523922106248495,2.4308697683675495,65.81999969482422,71.33000183105469,66.66999816894531,81.0199966430664
WMT,24.971809190376007,7.870461843044213,0.3938784924194138,8,1.0725847291434831,9.74431935986481,64.22833550960155,-0.7672910795629088,7.394190831205487,0,6.336292571559965,-5.492628958527579,99.7699966430664,100.88999938964844,93.43000030517578,99.3499984741211
WMT,11.203104848607449,4.504758035813791,0.44714664991863884,4,2.16061726221512,8.091715040877084,61.97971932262416,-0.5246125849286898,9.764559590109776,1,18.780340018852804,-3.7683060815476344,107.20999908447266,109.58000183105469,98.87999725341797,117.44999694824219
WMT,18.780340018852815,6.504895349648438,0.4114162366829676,16,3.0440082123508185,10.704945315144514,63.274860656480165,-0.5887651346207369,5.048511142071154,1,16.63491386045173,-0.8731022875636874,117.97000122070312,121.62000274658203,115.4800033569336,134.69000244140625
WMT,10.754945315144512,5.048511142071154,0.5198981111281228,5,8.518438732873516,16.584913860451728,60.185355416133234,-0.4404832704931514,10.126957563596601,0,6.361005166559042,3.861041946788313,124.05999755859375,134.69000244140625,121.05000305175781,128.75
WMT,12.235223251592188,4.944891076373541,0.4536010030216397,4,1.3149372837889917,7.296517139990883,62.83698625930962,-0.794227520655357,16.595146269194565,0,9.057037860759266,-15.209239040254873,133.33999633789062,135.16000366210938,112.7300033569336,122.94000244140625
